id,name
0fyqyjD7pbaVzbu94ylWQR,Poco
7EM9m7HOXxVgP9oEpDDv70,Os Paralamas Do Sucesso
6DbJi8AcN5ANdtvJcwBSw8,Ringo Starr
4irCa4CneoVlte4fpr0fBx,Sweet Voices
26bcq2nyj5GB7uRr558iQg,Survivor
6YHEMoNPbcheiWS2haGzkn,Michael Bolton
5ulESxWZSX8cw4PI6xgdDG,Andrew Barth Feldman
0lwRI7lvmlRY5DiA5Xa6wQ,Lipps Inc.
51wZnRQXxiZo7qd4j0m2Bf,Massattack
45InkbGypoMk5nVX6dsHkt,N-Trance
1oX1l8zC13ovzEoGm2CAsd,The Michael Zager Band
4463nfFMmK1cwAWBQDwT5e,Laura Branigan
6tsRo8ErXzpHk3tQeH6GBW,Black Box
59hMeIYY3k3NoX54rrVGPv,Toni Basil
0OJXBz0TBaRCbyDpx62nZW,Los Dinamiteros de Colombia
6vfme68WSUU6h3dILfdWFa,Grupo Bandy2
4C3uGP8vRDzxrhJxZiOjTe,Tiffany
1cNPXWhKfjI0fT5EMCnamR,Dj Guuga
5EQMhqNfNmnIIAgwQX1WZ7,Undercover
0GByy3DcfbQwDvXGCWmzv9,Pretenders
5XKFrudbV4IiuE5WuTPRmT,Stephen Sanchez
3xs0LEzcPXtgNfMNcHzLIP,Rockwell
3LfO03nEZMdWNHG2tLpMa0,Tavares
7xcXR8rEj6eRPVMFjUNtBe,Carol Douglas
0bOJXwrmw0UiFBFNBTgFuj,Viudita Moderna
0F7G8LeDmCpHHEPX55FEgq,Hi-Gloss
1tttI1iC4FsS6BM5l38oe5,Marmalade
0I2XqVXqHScXjHhk6AYYRe,Afasi & Filthy
3gdbcIdNypBsYNu3iiCjtN,The B-52's
1T0wRBO0CK0vK8ouUMqEl5,Tom Jones
0dE9ooTNz8iEKIKItRI66t,Il Volo
7iJl63aJyNd8C6NZlMv6kp,Tchakabum
4muEu9v6xHP7cegOA2lFMQ,Joshua Duran
0mpFXzm8CkqkhvN4PLCYkV,Chachi
2y8Jo9CKhJvtfeKOsYzRdT,Rod Stewart
1XgVoPT2Va5L64LFzskVBW,Mason Williams
0PFtn5NtBbbUNbU9EAmIWF,TOTO
3VJakY5Yw5phAOF4Bada5v,Quarterflash
3pFCERyEiP5xeN2EsPXhjI,Joe Cocker
0J2Ej2rMQyqaUX3G6MUISw,Ambrosia
1UkHCANZmdkKyVNvTLMrcJ,Debby Boone
2kreKea2n96dXjcyAU9j5N,The Pointer Sisters
3OsRAKCvk37zwYcnzRf5XF,Moby
7jefIIksOi1EazgRTfW2Pk,Electric Light Orchestra
2AZOALDIBORfbzKTuliwdJ,Cristian Castro
1fBCIkoPOPCDLUxGuWNvyo,Poison
5BcZ22XONcRoLhTbZRuME1,The Moody Blues
3dRfiJ2650SZu6GbydcHNb,John Williams
3IZrrNonYELubLPJmqOci2,Nancy Sinatra
0KJwQTOeaANDMrCOylhAyp,DJ BestMix
3tbM6d47UIlew8eFBzcwMs,Los Lobos Featuring Arturo Sandoval
0UdXuDV03tv6hh1WSbQlrG,ToxicxEternity
1bdytLV3FPjyhfrb6BhMej,Asia
7r0Otd9dEStSVIxJ02ml5a,The Simpsons
2wY79sveU1sp5g7SokKOiI,Sam Smith
3heR1it0slFXjaa7E62zpw,Maldita Nerea
0LcJLqbBmaGUft1e9Mm8HV,ABBA
5GtMEZEeFFsuHY8ad4kOxv,Seal
6FbDoZnMBTdhhhLuJBOOqP,Jewel
70cRZdQywnSFp9pnc2WTCE,Simon & Garfunkel
7AQr2pDY8hQXabKKZl5iYd,Twin Galaxxies
7HXBbxW6YwU8lvgBew2p2A,Matt Johnson
4lZXpKLxWjMDFeNmiU4H1h,Daniel Calveti
1LZEQNv7sE11VDY3SdxQeN,Bee Gees
4hKkEHkaqCsyxNxXEsszVH,John Travolta
3hv9jJF3adDNsBSIQDqcjp,Mark Ronson
11ZDT1yZkvlXwv7RVqvUWe,Oesch's die Dritten
1vZmwfsWCHb8FJtqF6o7Cr,Kapelle Calanda
6Ff53KvcvAj5U7Z1vojB5o,*NSYNC
1G4QsyR9Fj6k8JJK233X8C,LU
1KCSPY1glIKqW2TotWuXOR,P!nk
6VuMaDnrHyPL1p4EHjYLi7,Charlie Puth
05mFGgWzooDQMWGNcNsM05,Sandy e Junior
4S9EykWXhStSc15wEx8QFK,Céline Dion
6wPhSqRtPu1UhRCDX5yaDJ,The Pussycat Dolls
6XpaIBNiVzIetEPCWDvAFP,Whitney Houston
3PhoLpVuITZKcymswpck5b,Elton John
7guDJrEfX3qb6FEbdPA5qi,Stevie Wonder
3TOqt5oJwL9BE2NG9MEwDa,Disturbed
3BmGtnKgCSGYIUhmivXKWX,Kelly Clarkson
5aIqB5nVVvmFsvSdExz408,Johann Sebastian Bach
42Vmza0WYHdhsgxFmf9Tui,Charles Gounod
7y97mc3bZRFXzT2szRM4L4,Frédéric Chopin
5bUj39bg0zEbRzjUEISMG9,Bernard Herrmann
0TGsWvnbtExsbGUSWtXENE,Al Hirt
4Jtmjjo1t4LebBfyQnceak,Funk Poppas
00oL7zWxmWveTsKF7DnIRd,Kyle Dixon & Michael Stein
54qL6HOA0vyhhnFw5inqXq,Mount Royal Orchestra
7jOY91ZU7kn86slH3fBbaD,Louie Zong
3HQyFCFFfJO3KKBlUfZsyW,Randy Newman
1ARWkT6vsCXeT6W08tFYmy,Ampyx
1pBuKaLHJlIlqYxQQaflve,Benny Goodman
0h885xmyK9xHfhyXQr37L6,Richard Clayderman
4FAEZeJcsYYBkNq2D3KGTV,Three Dog Night
4V1nncT8m1w67j9W8Xdumd,Chris & Pui
2MMaIlHd8UvDW0mVRAncD6,Chuck Mangione
5T367l9J8qiud4dRobcgnz,The Glitter Band
2wOqMjp9TyABvtHdOSOTUS,Ludwig van Beethoven
17hR0sYHpx7VYTMRfFUOmY,Maurice Ravel
4NJhFmfw43RLBLjQvxDuRS,Wolfgang Amadeus Mozart
1C1x4MVkql8AiABuTw6DgE,Richard Wagner
2QOIawHpSlOwXDvSqQ9YJR,Antonio Vivaldi
2D7RkvtKKb6E5UmbjQM1Jd,Georges Bizet
1JOQXgYdQV2yfrhewqx96o,Giuseppe Verdi
5goS0v24Fc1ydjCKQRwtjM,Johann Strauss II
1Uff91EOsvd99rtAupatMP,Claude Debussy
0Kekt6CKSo0m5mivKcoH51,Sergei Rachmaninoff
5DuSv7dOYjgB90wAH6SB99,Jazzelicious
5o9RXbkLzhCapogLatdict,Zigo
2m0F0Qwnsc6YgdAKbuR2hN,J-Radical
1M9AXZkNPdOd1IPEsQsXnT,Léo Delibes
4OihBPCQzR4GfbzqOY69Xm,Jacques Offenbach
0gOsZcHl7H3ewXVIEnWFZX,Camille
4x8KJmjLKeQ1VbASfWfS74,Orquesta Sinfónica De Radio Hamburgo
7vyl7IFdeAHggtnfN0qU7w,Claude Luter et son orchestre
0MvSBMGRQJY3mRwIbJsqF1,Royal Philharmonic Orchestra
17WOVmAeYzXKPlSbxtBlfz,Michael Scott Fan Club
3akUqAy3Q1WqRZqceC4jW9,London Festival Orchestra
6ddwnoAVajTGZa2ikrJqaY,Johnny Days Orchestra
6GCii6lkUhkzTrznRyCuVh,The Cathedral Singers
6pAwHPeExeUbMd5w7Iny6D,Richard Strauss
4JipFLbVsfOICc0YP13ZoN,The Royal Festival Orchestra
5o8VwH65WkP2WrKliKzACM,Andre Kostelanetz
5FgkTUuCNKDlilidPvZqOq,Scott Joplin
0roWUeP7Ac4yK4VN6L2gF4,Gioachino Rossini
5ihY290YPGc3aY2xTyx7Gy,Edvard Grieg
1sLpCr5xThZkGHLw4H0mNE,101 Strings Orchestra
63tFrR13uwlNi3k2ozkygC,"Gerhard Wiesenhütter, Leipzig Gewandhaus Orchestra"
5wTAi7QkpP6kp8a54lmTOq,Johannes Brahms
2l4vGfFV7e46yO8lxfxR76,Luigi Boccherini
5Oj26LEf8jdgR2woWEjlhi,Paul Mauriat
057M88mJrSI7zUZpSHexpe,daniwellP
4M1FpEWs2PeYfJe7xxJfhH,Freddie Mercury
2rfkmr5WzRN9D9gAfb2ycd,Slovak Philharmonic
4fSMtiyC6lF5BUO1tUMWMs,Kevin MacLeod
1WPcVNert9hn7mHsPKDn7j,Édith Piaf
4TkCMPznXOjlsYLfzIU1rw,Geek Music
19eLuQmk9aCobbVDHc6eek,Louis Armstrong
0e6M2o3phnpbgFmrhry2qx,"Harry James and His Orchestra, Vocals by Kitty Kallen"
1hCkSJcXREhrodeIHQdav8,Ramin Djawadi
2kXJ68O899XvWOBdpzlXgs,Nikolai Rimsky-Korsakov
3MKCzCnpzw3TjUYs2v7vDA,Pyotr Ilyich Tchaikovsky
5yxyJsFanEAuwSM5kOuZKc,London Symphony Orchestra
123epI2OFu37F7VsnOBn9F,The Marcus Hedges Trend Orchestra
1UNsCluQqxdsfW9ojDPfXo,The Dancing Chickens
3EA9hVIzKfFiQI0Kikz2wo,Andrea Bocelli
459INk8vcC0ebEef82WjIK,Erik Satie
4kHtgiRnpmFIV5Tm4BIs8l,Sergei Prokofiev
5WIoytpqi3VWoFSHnl49in,Aram Khachaturian
436sYg6CZhNefQJogaXeK0,Camille Saint-Saëns
430byzy0c5bPn5opiu0SRd,Edward Elgar
6n7nd5iceYpXVwcx8VPpxF,Antonín Dvořák
4F84IBURUo98rz4r61KF70,The White Stripes
3AA28KZvwAUcZuOKwyblJQ,Gorillaz
3y24n3XhZ96wgwRXjvS17T,Coolio
27Owkm4TGlMqb0BqaEt3PW,Molotov
2jzc5TC5TVFLXQlBNiIUzE,a-ha
738wLrAtLtCtFOLvQBXOXp,Major Lazer
7CajNmpbOovFoOoasH2HaY,Calvin Harris
5WUlDfRSoLAfcVSX1WnrxN,Sia
4gwpcMTbLWtBUlOijbVpuu,Capital Cities
5ZNxiPcbKgaNcBrERMpqeu,Mägo de Oz
0yNSzH5nZmHzeE2xn6Xshb,Calle 13
60uh2KYYSCqAgJNxcU4DA0,Hombres G
2FS22haX3FYbyOsUAkuYqZ,Los Fabulosos Cadillacs
4TK1gDgb7QKoPFlzRrBRgR,Los Enanitos Verdes
1RgXxY6uzWo9cjYYwwgVGq,Jaguares
2Ax9wZpdlg4r2zkc3pcI8U,La Unión
7An4yvF7hDYDolN4m5zKBp,Soda Stereo
7okwEbXzyT2VffBmyQBWLz,Maná
60nua3AsVSfADZtg5Hdz3W,La Mosca Tse-Tse
13JJKrUewC1CJYmIDXQNoH,El Cuarteto De Nos
13wFTN72PGSUxzEHJP5Ljs,Los Caligaris
5oYHL2SijkMY52gKIhYJNb,Elefante
4yiQZ8tQPux8cPriYMWUFP,Gwen Stefani
4gzpq5DPGxSnKTe4SA8HAU,Coldplay
2HcwFjNelS49kFbfvMxQYw,Robbie Williams
4apX9tIeHb85yPyy4F6FJG,Wild Cherry
3Isy6kedDrgPYoTS1dazA9,Sean Paul
5fMUXHkw8R8eOP2RNVYEZX,Diplo
5sWHDYs0csV6RS48xBl0tH,Two Feet
6t1gpxYbY8OlLA7D2RiikQ,Loud Luxury
1l2ekx5skC4gJH8djERwh1,Don Diablo
3v6Ji4uoWtKRkhuDUaxi9n,Dynoro
5e4Dhzv426EvQe3aDb64jL,Shania Twain
5LfGQac0EIXyAN8aUwmNAQ,The Offspring
3CQIn7N5CuRDP8wEI7FiDA,Run–D.M.C.
0L8ExT028jH3ddEcZwqJJ5,Red Hot Chili Peppers
2ye2Wgw4gimLv2eAKyk1NB,Metallica
27T030eWyCQRmDyuvr1kxY,Scorpions
5YFS41yoX0YuFY39fq21oN,Bob Sinclar
1l7ZsJRRS8wlW3WfJfPfNS,Christina Aguilera
5pKCCKE2ajJHZ9KAiaK11H,Rihanna
26dSoYclwsYLMAKD3tpOr4,Britney Spears
4Ws2otunReOa6BbwxxpCt6,Benny Benassi
64KEffDW9EtZ1y2vBYgq8T,Marshmello
3YQKmKGau1PzlVlkL1iodx,Twenty One Pilots
2FXC3k01G6Gw61bmprjgqS,Hozier
0A0FS04o6zMoto8OKPsDwY,YG
246dkjvS1zLTtiykXe5h60,Post Malone
2cGwlqi3k18jFpUyTrsR84,The Verve
0e3TXa6cyJQl5vE6DFHfjT,Shady Nate
1vCWHaC5f2uS3yhpwWbIA6,Avicii
53XhwfbYqKCa1cC15pYq2q,Imagine Dragons
1HwM5zlC5qNWhJtM00yXzG,DMX
5TloeWiZXG1ttx3qXHxbs0,BeatFreakz
7MlbbUSbXf3BDOSyFCOOeO,Brigitte Wickens
7geo7fjTQyp13Wf2ALTZCF,Blanks
0iui2Be5CP8EWxvHYsVspL,Breakbot
7vXwfZyDp3spzIVNXDaTPN,Metro Station
0deIjoDjl9g9Zpw0sCIOHh,Valentino Khan
6v6kEdFKqKZ2T7XjjBD9um,Connie Talbot
4iHNK0tOyZPYnBU7nGAgpQ,Mariah Carey
10pMyCRhDkBpyuc38QOlKf,Getter Jaani
6tsiqXXHxcP0XAXzqW8Iak,D.A.N.Z.L.
7xNPROyVfkH4mcIxxCxySm,Junior Senior
0ru4hXR4RJY1mikvbQKgWa,Jon Lajoie
7Ln80lUS6He07XvHI8qqHH,Arctic Monkeys
4gGFdpDwEe8zIY1XSE3dGe,DJ DX
46lnlnlU0dXTDpoAUmH6Qx,Lou Bega
0du5cEVh5yTK9QJze8zA0C,Bruno Mars
77qukKzmdI5BeMBR7WGUrN,Aaron Smith
7f0OLhGgBMX9fUjm1dcPip,Alice Merton
0AuW7OCyKfFrsMbtHrYgIV,House Of Pain
7jVv8c5Fj3E9VhNjxT4snq,Lil Nas X
0Y5tJX1MQlPlqiwlOH1tJY,Travis Scott
6oMuImdp5ZcFhWP0ESe6mG,Migos
5nCi3BB41mBaMH9gfr6Su0,fun.
36jaGQtMj5UWD0eO1fCVdD,Joel Adams
2YOYua8FpudSEiB9s88IgQ,Yung Gravy
5ltQ44acsuEXyWZAregCBF,Asleep
7bEdOuEDXiW7XKrZMTLuzO,dj 6rb
2CmaKO2zEGJ1NWpS1yfVGz,Falling In Reverse
1uR7zoLrSRI8bSL43OZ0GY,Ezra Furman
2aM5jpQ0WTcQDeHsil8Ihz,Michael Gray
5aaYmOKQc6tyyyitvrjJNE,iLOVEFRiDAY
6quOKwjxmxpHyiLlyQARmi,Jordan Jetson
59wfkuBoNyhDMQGCljbUbA,Diddy
1co4F2pPNH8JjTutZkmgSm,Ramones
0dlOr0VIysztGWvU1dpjmP,Natalie Imbruglia
5he5w2lnU9x7JFhnwcekXX,Skrillex
4tZwfgrHOc3mvqYlEYSvVi,Daft Punk
5mLxA9ySBmpMnMNvx1bEUi,Pat Kelly
76RrKpsvOmSKG8CIjROdSG,MiMS
5MouCg6ta7zAxsfMEbc1uh,OMI
4dpARuHxo51G3z768sgnrY,Adele
4RddZ3iHvSpGV4dvATac9X,Papa Roach
7dxF7y4hlGFazdArMsxbEx,Joey Ramone
4AVFqumd2ogHFlRbKIjp1t,Alesso
3mH3OBKopDDVgnJcT5PrPk,Redfoo
2wvUfjKGoXvcnDHq7GgMOa,The Ting Tings
2BQWHuvxG4kMYnfghdaCIy,Fox Stevenson
5nLYd9ST4Cnwy6NHaCxbj8,CeeLo Green
15jrieCvf3EklAScnD9kKl,Sak Noel
0PGB0xsAyDqHHlvNQcgq5S,POWERS
3ciRvbBIVz9fBoPbtSYq4x,Lil Jon & The East Side Boyz
7f5Zgnp2spUuuzKplmRkt7,Lost Frequencies
10hGPIDZi33LRaYRIq3Bh4,Dimitri Vangelis & Wyman
7jy3rLJdDQY21OgRLCZ9sD,Foo Fighters
0X2BH1fck6amBIoJhDVmmJ,Ellie Goulding
5K4W6rqBFWDnAN6FQUkS6x,Kanye West
3t5xRXzsuZmMDkQzgOX35S,Robin Schulz
0AkpPlFLnr0VQwZQeMGht0,Modjo
0ZrpamOxcZybMHGg1AYtHP,Robin Thicke
12Chz98pHFMPJEknJQMWvI,Muse
7Hd38PVp634oGEb9pIDs5d,Barry Gibb
7keGfmQR4X5w0two1xKZ7d,Kungs
1Xyo4u8uXC1ZmMpatF05PJ,The Weeknd
34v5MVKeQnIo0CWYMbbrPf,John Newman
73JBR5s2PVvUjGu6tIqjqx,Walter Murphy
2KAaJOwfu8n93byx6YPRPa,Scarlett Johansson
0xcfJSVb1IoxDnkFFWpEXz,Quvenzhané Wallis
3IQWn6L1It2U2Eq1IvXiZe,KRYPTO9095
7n2wHs1TKAczGzO7Dd2rGr,Shawn Mendes
6vVztIuqdDHvYWxOEXCzjN,SALES
4tOVIRjlWWfR1RrAxyRqTE,Chromatics
4TKTii6gnOnUXQHyuo9JaD,Sheryl Crow
7dGJo4pcD2V6oG8kP0tJRR,Eminem
5SbkVQYYzlw1kte75QIabH,Gnarls Barkley
2EOrSEDPcZ9feKWSi8Fpdi,Q Lazzarus
7cKtqv9cYVlOwnuCFH95ce,The The
22Zqu1yyebVnbve8FxbJ2g,Rednex
58zzaIQ8XVObJml8da0b2e,Young Maylay
0oXTS2yHUnuji1R7kc9J9a,Pascal Letoublon
0FfjCldzckJBQNsnQyMJmb,Paradisio
77YbJ4a9IlKX18ck6qoot1,Meg & Dia
1pd8yskXJ1sLlE3GANBzOX,iBenji
3vbKDsSS70ZX9D2OcvbZmS,Beck
0cQbJU1aAzvbEmTuljWLlF,No Doubt
5MmVJVhhYKQ86izuGHzJYA,MIKA
3FUY2gzHeIiaesXtOAdB7A,Train
1HY2Jd0NmPuamShAr6KMms,Lady Gaga
288lU02uqVtIZQqgvxxESv,DJ Carlo Showcase
2YSs6SETkdhnFdxUt6qe85,Pumped Up DJs
0AnlIkbodWv2IM1HDSW4Fb,Stereo Avenue
163tK9Wjr9P9DmM0AVK7lm,Lorde
5dHfLBNU8zoypgKefzEB1c,Pomplamoose
628gUkswCfCS1hIOOHmIpK,Control Machete
4IWBUUAFIplrNtaOHcJPRM,James Arthur
6YdbfTjLpgoVRdmu3WCmLj,The Royal French Orchestra
3TVXtAsR1Inumwj472S9r4,Drake
66CXWjxzNUsdJxJ2JdwvnR,Ariana Grande
6eUKZXaKkcviH0Ku9w2n3V,Ed Sheeran
6M2wZ9GZgrQXHCFfjv46we,Dua Lipa
2X97ZAqRKRMYFIDqtvGgGc,Silk City
60d24wfXkVzDSfLS6hyCjZ,Martin Garrix
04gDigrS5kc9YWfZHwBETP,Maroon 5
59jv1JLa4XNxXg7uxd04Nu,E-Rotic
1vSN1fsvrzpbttOYGsliDr,Tori Kelly
0epOFNiUfyON9EYx7Tpr6V,The Strokes
2NjfBq1NflQcKSeiDooVjY,Tones And I
0iF2gedsSjoVHRUh5vXSdu,Cirque du Soleil
3nFkdlSjzX9mRTtwJOzDYB,JAY-Z
6D6rjLdxyE5vwhMlkuQq0E,Chaos Chaos
74XFHRwlV6OrjEM0A2NCMF,Paramore
4ofCBoyEiGSePFAG500xev,Regard
0J7U24vlOOIeMpuaO6Q85A,LP
4EnEZVjo3w1cwcQYePccay,N.W.A.
0LtYhakgj2VJgFrBh0JTfh,Selo i Ludy
7uaIm6Pw7xplS8Dy06V6pT,Trevor Daniel
7rgCh0Go1ezmcV75kXQM2T,Engelwood
6dXGHZhrfecqYQTLXbOhAI,TV Stars
5JFDqK3kLIAGJl8zPDHSAk,Stephan F
2fJMTjBspUhQcZYEtZoyVc,La Zimbabwe
3IJ770I1QPmwVp7yug0eJ4,Lustra
7pGyQZx9thVa8GxMBeXscB,K'NAAN
0H39MdGGX6dbnnQPt6NQkZ,SAINt JHN
757aE44tKEUQEqRuT6GnEB,Roddy Ricch
5cj0lLjcoR7YOSnhnX0Po5,Doja Cat
0xRXCcSX89eobfrshSVdyu,MEDUZA
0IF46mUS8NXjgHabxk2MCM,Kelis
2TBjuEkt8NpVF5a9kBQPjS,Splack Pack
1bDWGdIC2hardyt55nlQgG,"""Weird Al"" Yankovic"
2gINJ8xw86xawPyGvx1bla,KRS-One
0Cp8WN4V8Tu4QJQwCN5Md4,BENEE
2gBjLmx6zQnFGQJCAQpRgw,Nelly
0CEFCo8288kQU7mJi25s6E,Hollywood Undead
0cwmNvclzPd8mQnoHuIksj,Vengaboys
2mU9RFNN2NhzpR7vXK5DDt,Dzharo & Khanza
1dfeR4HaWDbWqFHLkxsg1d,Queen
56mfhUDKa1vec6rSLZV5Eg,Jawsh 685
2wUjUUtkb5lvLKcGKsKqsR,Alessia Cara
7sVQKNtdP2NylxMgbNOJMM,Goldfinger
5tYBNolgC0xwAennb0L6dt,Carrapicho
7m63iuojSjbH01e3iLMhxO,Laïs
41MozSoPIsD1dJM0CLPjZF,BLACKPINK
1uXrhF4cZsmDQZDueF9uJT,dave rodgers
06U9gEjzsN4vYJvBDa2Hhz,Kočani Orkestar
20JZFwl6HVl6yg8a4H3ZqK,Panic! At The Disco
4yNluGAiPbYXLwlA9KspbG,The Red Army Choir
6qqNVTkY8uBg9cP3Jd7DAH,Billie Eilish
3ZZgaskfD6ssMYfKjEb2Z7,El Bananero
4PtVXWSOmF4Tox1jj6ctSq,Plastilina Mosh
3jOstUTkEu2JkjvRdBA5Gu,Weezer
2pZCKLhbrrDD4PwEzrDig3,Remy Zero
6wWVKhxIU2cEi0K81v7HvP,Rammstein
4npEfmQ6YuiwW1GpUmaq3F,Ava Max
4UXqAaa6dQYAk18Lv7PEgX,Fall Out Boy
3Nrfpe0tUJi4K4DXYWgMUX,BTS
31doejENzNckcbU7CUrUs0,Millie B
2wIVse2owClT7go1WT98tk,Missy Elliott
1uU7g3DNSbsu0QjSEqZtEd,Masked Wolf
1oJolWh3meHLWUcyIijst7,Black Kids
7HBai5xymOxIWoMWvWshe1,Teriyaki Boyz
6vbY3hOaCAhC7VjucswgdS,Twista
7oPftvlwr6VrsViSDV7fJY,Green Day
3RIqoO9uUAhFwpnN4zaLrr,Brothers Norge
7lGrwN3t8ReFvG2MNaMfVe,Becksy
37DdwREpvvQHmGLFEZ4h0Q,Basshunter
5vCOdeiQt9LyzdI87kt5Sh,AronChupa
1yxSLGMDHlW21z4YXirZDS,Black Eyed Peas
5Rmq9infJP8EZ86srdUhIa,Tomas Bellwais
0TnOYISbd1XYRBk9myaseg,Pitbull
1Cs0zKBU1kc0i8ypK3B9ai,David Guetta
5eyUjuVFkrhhSeOnjf0QZe,J. C. Hermust
0jnsk9HBra6NMjO2oANoPY,Flo Rida
6XyY86QOPPrYVGvF9ch6wz,Linkin Park
0OINXnn688Z2y3n6UAdj5B,Explosión De Iquitos
4IJczjB0fJ04gs4uvP0Fli,Gym Class Heroes
5eAWCfyUhZtHHtBdNk56l1,System Of A Down
1bZNv4q3OxYq7mmnLha7Tu,Fito Paez
06HL4z0CvFAxyc27GXpf02,Taylor Swift
5YGY8feqx7naU7z4HrwZM6,Miley Cyrus
7vXDAI8JwjW531ouMGbfcp,TINI
2PSiyldxmJze7xiqbz658m,Spin Doctors
2NLseG7xyv3fHY5U8AUntx,Kenndog
1McMsnEElThX1knmY4oliG,Olivia Rodrigo
2BZdRGYmqYAJYPg2juxPG7,Matias Deago
2tIP7SsRs7vjIcLrU85W8J,The Kid LAROI
4hUmsYcvD8C5zuVSP93jb1,Miki Matsubara
2VSHKHBTiXWplO8lxcnUC9,GAYLE
0NnCgUxhtWt1yBtpDyvFQf,Black Sheep
7FNnA9vBm6EKceENgCGRMb,Anitta
0vEsuISMWAKNctLlUAhSZC,Counting Crows
0vICZk23Snxdi88YIx1bSR,Pedro Arroyo
63MQldklfxkjYDoUE4Tppz,M83
6oBm8HB0yfrIc9IHbxs6in,Lykke Li
1w1588f2RuG0BIlUoChffY,Los Imperials
6tZxUxheS7w3953cQFOXkd,Adalberto Santiago
5B8ApeENp4bE4EE3LI8jK2,Yuridia
2yMN0IP20GOaN6q0p0zL5k,Tarkan
0C3yGs888RGeEChJa0FyP0,Tanja Thomas
6T5tfhQCknKG4UnH90qGnz,DNCE
5BcAKTbp20cv7tC5VqPFoC,Macklemore & Ryan Lewis
5xfkmGviowtoTBIa7s9kP2,Ana Cirré
2HHmvvSQ44ePDH7IKVzgK0,Jain
65c5si0ePAwkOCn4M35Ho7,Sérgio Mendes
790FomKkXshlbRYZFtlgla,KAROL G
5SQ6aafx7AbNfkjXFdF5m1,Miguel Angel Tzul y su Marimba Orquesta
2ZJFaZs78ReXcVMqDPzfQi,Los Discomaniacos
3X458ddYA2YcVWuVIGGOYe,Toni Braxton
2SHhfs4BiDxGQ3oxqf0UHY,Roxette
34PLzyi7CdXUekiLHYyqXq,Men Without Hats
7lzordPuZEXxwt9aoVZYmG,Billy Idol
4tpUmLEVLCGFr93o8hFFIB,Blondie
7f8LNBVXN0h35veHrpxQFL,Norman Greenbaum
5eTq3PxbOh5vgeRXKNqPyV,The Runaways
7Kkx4dACo6kFSeT9wjfVA5,Raspberries
2iE18Oxc8YSumAU232n4rW,The Jackson 5
3JaAGmSTpJK35DqWrDUzBz,Sweet
08GQAI4eElDnROBrJRGE0X,Fleetwood Mac
3koiLjNrgRTNbOwViDipeA,Marvin Gaye
0oSGxfWSnnOXhD2fKuz2Gy,David Bowie
4VmWYQQ5M9N9AiAx14v2yg,Aliotta Haynes Jeremiah
5jJN1nmKXzRjodMl1THQeI,Looking Glass
7oeuJSyVZTCkm3BurLz8cG,Silver
0DAqhikcMKLo2lPADVz2fs,Jay & The Americans
7FIoB5PHdrMZVC3q2HE5MS,George Harrison
4MVyzYMgTwdP7Z49wAZHx0,Lynyrd Skynyrd
3IYUhFvPQItj6xySrBmZkd,Creedence Clearwater Revival
4n31svBA9GGIYxGxgrQaRK,George Thorogood & The Destroyers
0kObWap02DEg9EAJ3PBxzf,Starship
6GI52t8N5F02MxU0g5U69P,Santana
6PwcexHTG0qJWQQwp05Bpm,Pilot
5SMVzTJyKFJ7TUb46DglcH,Parliament
0w7HLMvZOHatWVbAKee1zF,Redbone
43mhFhQ4JAknA7Ik1bOZuV,Pat Benatar
43ZHCT0cAZBISjO8DG9PnE,Elvis Presley
5NGO30tJxFlKixkPSgXcFE,The Police
6hN9F0iuULZYWXppob22Aj,Simple Minds
0543y7yrvny4KymoaneT4W,Peter Frampton
5gxynDEKwNDgxGJmJjZyte,Steve Winwood
3HC7NcxQx2Yk0fWoRKJ0xF,Jefferson Starship
4BoRxUdrcgbbq1rxJvvhg9,Olivia Newton-John
6zFYqv1mOsgBRQbae3JJ9e,Billy Joel
7Bah8E0kCETqEpAHI6CPzQ,Mr. Mister
0f3EsoviYnRKTkmayI3cux,Men At Work
6kz53iCdBSqhQCZ21CoLcc,Culture Club
7A9yZMTrFZcgEWAX2kBfK6,Huey Lewis & The News
51l0uqRxGaczYr4271pVIC,The Bangles
4lxfqrEsLX6N1N4OCSkILp,Phil Collins
1LB8qB5BPb3MHQrfkvifXU,Cheap Trick
3daM7asS0gCFvyLemNx2EE,The Romantics
1aX2dmV8XoHYCOQRxjPESG,The Human League
77tT1kLj6mCWtFNqiOmP9H,Daryl Hall & John Oates
0ECwFtbIWEVNwjlrfc6xoL,Eagles
1Yyag4BRejtPxsKTrSkKDz,The Greg Kihn Band
4salDzkGmfycRqNUbyBphh,Styx
35U9lQaRWSQISxQAB94Meo,America
5PN2aHIvLEM98XIorsPMhE,Kim Carnes
0NKDgy9j66h3DLnN8qu1bB,Eurythmics
7ip3CWlgPZbQHvgJpmcGSS,Peter Schilling
3fMbdgg4jU18AjLCKBhRSm,Michael Jackson
0z5DFXmhT4ZNzWElsM7V89,Erasure
4YPqbAiLzBg5DIfsgQZ8QK,Andy Gibb
0UKfenbZb15sqhfPC6zbt3,DEVO
0lZoBs4Pzo7R89JM9lxwoT,Duran Duran
6aq8T2RcspxVOGgMrTzjWc,Soft Cell
39T6qqI0jDtSWWioX8eGJz,The Doobie Brothers
293zczrfYafIItmnmM3coR,Chuck Berry
7AC976RDJzL2asmZuz7qil,Yes
4QQgXkCYTt3BlENzhyNETg,"Earth, Wind & Fire"
0gxyHStUsqpMadRV0Di1Qt,Rick Astley
2eogQKWWoohI3BSnoG7E2U,Donna Summer
6tbjWDEIzxoDsBA1FuhfPW,Madonna
6Tz0QRoe083BcOo2YbG9lV,Nena
2cnMpRsOVqtPMfq7YiFE6K,Van Halen
0rvjqX7ttXeg3mTy8Xscbt,Journey
5lpH0xAS4fVfLkACg9DAuM,Wham!
2TzHIUhVpeeDxyJPpQfnV3,Katrina & The Waves
20p5D2KrE8CGuOjHtxsyTp,Fine Young Cannibals
0xliTEbFfy5HQHvsTknTkX,Alphaville
0FrpdcVlJQqibaz5HfBUrL,Rick James
3sc7iUG1Wwpwx7bHeZolgx,Bananarama
2BTZIqw0ntH9MvilQ3ewNY,Cyndi Lauper
19xz1vcuKNjniGEftTOSSH,The Weather Girls
6ZNeppgfBLPUyugks9Yn1u,Philip Bailey
19ra5tSw0tWufvUp8GotLo,George Michael
4KWTAlx2RvbpseOGMEmROg,R.E.M.
762310PdDnwsDxAQxzQkfX,Depeche Mode
6IFXsrXBpwbIqtOUOiAa3p,Rick Springfield
7bu3H8JO7d0UbMoVzbo70s,The Cure
3C6chBmZ9wzisBhoh8G2nK,Naked Eyes
057gc1fxmJ2vkctjQJ7Tal,The Buggles
72VzFto8DYvKHocaHYNWSi,Hot Chocolate
2ycnb8Er79LoH2AsR5ldjh,Pet Shop Boys
0SD4eZCN4Kr0wQk56hCdh2,Bonnie Tyler
29kkCKKGXheHuoO829FxWK,Boston
6DCIj8jNaNpBz8e5oKFPtp,The Cars
3CDKmzJu6uwEGnPLLZffpD,Frankie Valli
6olE6TJLqED3rqDCT0FyPh,Nirvana
6zvul52xwTWzilBZl6BUbT,Pixies
22WZ7M8sxp5THdruNY3gXt,The Doors
0WwSkZ7LtFUFjGjMZBMt6T,Dire Straits
7HLvzuM9p11k9lUQfSM4Rq,Warrant
568ZhdwyaiCyOGJRtNYhWf,Deep Purple
7bPU7cvfoD20ixGD9Qnqki,Stealers Wheel
3eqjTLE0HfPfh78zjh6TqT,Bruce Springsteen
771qBvjnXOH9Azr6lKy6FB,Michael Sembello
2CLVPk9FcywjClBcTvWPkT,Loverboy
3lPQ2Fk5JOwGWAF3ORFCqH,John Mellencamp
5jNGQ7VOU87x5402JjhTtd,Deniece Williams
44NX2ffIYHr6D4n7RaZF7A,Van Morrison
2yrbLiuBmc9j81lTX3XUuI,The Jacksons
3oZa8Xs6IjlIUGLAhVyK4G,Irene Cara
3oDbviiivRWhXwIE8hxkVV,The Beach Boys
7Jbs4wPCLaKXPxrTxZ2zaa,Tina Charles
3sFhA6G1N0gG1pszb6kk1m,Wings
485uL27bPomh29R4JmQehQ,Bob Seger
3WrFJ7ztbogyGnTHbHJFl2,The Beatles
4STHEaNw4mPZ2tzheohgXB,Paul McCartney
6PAt558ZEZl0DmdXlnjMgD,Eric Clapton
0L9xkvBPcEp1nrhDrodxc5,Level 42
33QmoCkSqADuQEtMCysYLh,The Archies
0Je74SitssvJg1w4Ra2EK7,4 Non Blondes
58lV9VcRSjABbAbfWS6skp,Bon Jovi
3cniTumSiUysiPWXapGx1i,Cutting Crew
72OaDtakiy6yFqkt4TsiFt,Cher
69MEO1AADKg1IZrq2XLzo5,UB40
4QTVePrFu1xuGM9K0kNXkk,Dexys Midnight Runners
3V2twUpKOHrTGWZtdf2Tal,Joan Jett Tribute Band
1zxDewzd2j1ZdSBGaYcr0y,The Outfield
72KyoXzp0NOQij6OcmZUxk,Midnight Oil
2mG8HHQ9S9kcbjcrb5N1FE,The Go-Go's
69Mj3u4FTUrpyeGNSIaU6F,The J. Geils Band
194g4SFwSSzyPtgkH7v3Cx,After The Fire
54R6Y0I7jGUCveDTtI21nb,Boney M.
64rxQRJsLgZwHHyWKB8fiF,Eiffel 65
5ksRONqssB7BR161NTtJAm,Ace of Base
5pf1217gT8zcjOFc7oMi47,Opus
0NyzfcGDZZ6GM25EBG9BYK,Ray Parker Jr.
14dmbYen0AciYxu5n4Fkpd,DJ BoBo
3Z02hBLubJxuFJfhacLSDc,Bryan Adams
3ICflSq6ZgYAIrm2CTkfVP,The Animals
74oJ4qxwOZvX6oSsu1DGnw,Cream
2UZMlIwnkgAEDBsw1Rejkn,Tom Petty
6waa8mKu91GjzD4NlONlNJ,The Hollies
2iIn8H3l2NNBNHFpYKWbfo,The Kingsmen
0JDkhL4rjiPNEp92jAgJnS,Roy Orbison
61VpPyyJn2bitby8tbafzT,Thurston Harris
320EPCSEezHt1rtbfwH6Ck,The Monkees
1bs7HoMkSyQwcobCpE9KpN,The Mamas & The Papas
22bE4uQ6baNwSHPVcDxLCe,The Rolling Stones
3TiISqKS6ESlMQ4WFfZJw2,Johnny Rivers
5ujCegv1BRbEPTCwQqFk6t,John Fogerty
5IDs1CK15HegSAhGEbSYXo,Billy Ocean
0cQuYRSzlItquYxsQKDvVc,The Guess Who
0lYeY1K9D5DkmynyY39vGG,The Travelling Kisses
5NMsGuMdnmSRX5HaVp5YWG,Jack and the Ripper Girl
3JsMj0DEzyWc0VDlHuy9Bx,Supertramp
7nwUJBm0HE4ZxD3f5cy5ok,Aretha Franklin
4RVnAU35WRWra6OZ3CbbMA,Kylie Minogue
3VNITwohbvU5Wuy5PC6dsI,Kool & The Gang
2OLmN3LLWtLF7zerL4VdaX,Laid Back
3UbyYnvNIT5DFXU4WgiGpP,Whitesnake
319yZVtYM9MBGqmSQnMyY6,Carole King
2wMcQIxzH2LYHJZNxo9FcN,John Paul Young
1eEfMU2AhEo7XnKgL7c304,Carpenters
0dCKce6tJJdHvlWnDMwzPW,Village People
3rfgbfpPSfXY40lzRK7Syt,Barry White
04LIHk1SobiQwt2tlupoAV,Leo Sayer
3sgUnR8TF35euWEV07RPyO,Thelma Houston
6oV3BNm1Gj2GGgpYknc5TN,George McCrae
2mbvqMGpwLsakeH45p1Jrb,Mungo Jerry
34E3csCxpXunPGEkOVVX2g,Albert Hammond
2x9SpqnPi8rlE9pjHBwmSC,Talking Heads
7tjbDPvrdvDshcpEMXKRVb,Gerry Rafferty
7sF6m3PpW6G6m6J2gzzmzM,U.S.A. For Africa
79bxUQsBIXO8nVLB9fYKf7,Modern Talking
2zyz0VJqrDXeFDIyrfVXSo,Jerry Lee Lewis
6KWcxMWVNVIYbdOQyJtsSy,The Platters
5N6GwJzOcOY5kv8p0NjhYL,Neil Sedaka
1eYhYunlNJlDoQhtYBvPsi,Ray Charles
7ceUfdWq2t5nbatS6ollHh,Paul Anka
4S76LQXJD6N2uPcLhKejG8,Little Eva
3yt4IVDHz0luREG9Uf9xrp,The Champs
4ACplpEqD6JIVgKrafauzs,The Everly Brothers
6OWapcJm9xd55ci9CYbAuT,Los Lobos
0fPK3TAseRcy6sAS8U8pEw,John Cafferty
3Y3xIwWyq5wnNHPp5gPjOW,Kenny Loggins
15CMKIUPCTqlhDIDzUdx5p,Karla Devito
2aS6jYh7ysTL1ZUsHneNgM,Berlin
7GaxyUddsPok8BuhxN6OUW,James Brown
5KQMtyPE8DCQNUzoNqlEsE,Gary Numan
1i6AoeVtBR2keeGAptigdd,John Ozila
7fIvjotigTGWqjIz6EP1i4,Four Tops
3MdG05syQeRYPPcClLaUGl,Diana Ross
2JSjCHK79gdaiPWdKiNUNp,Dionne Warwick
32vWCbZh0xZ4o9gkz4PsEU,Dolly Parton
60rpJ9SgigSd16DOAG7GSa,Billy Ray Cyrus
1yjAx9cww4f1QuAaN3dUI2,Desireless
4m2kfAHEnK7Z7qLGxeWtro,The Plastic Ono Band
1NdZSjGpm3jktmGbvkLadW,Timbuk 3
2Mhi3jfuRSdbVZPdjqsnnN,Dr. Hook
3RFGnJaDVOyxL9YcFaKatu,Scandal
7mEIug7XUlQHikrFxjTWes,Neil Diamond
20kRNjGAzhnBIflemL8JfY,Romeo Void
5LEUigTSXpwrtERRcSW1N4,Urge Overkill
2EcNV0nlF6f6ZDtJJG2vKN,Charlie Feathers
53QzNeFpzAaXYnrDBbDrIp,The Isley Brothers
0Lx4mo5amLeT3085ZPnGKC,Studio Sound Group
7CyeXFnOrfC1N6z4naIpgo,The Ronettes
1XE70WwxhnrXNAJYQQ9ygx,Bill Medley
3bmFPbLMiLxtR9tFrTcKcP,Matthew Wilder
3HGBQ5JslMmAxXlDb63NIL,Rick & Lisa
5zMgvYBz4AW0gFyPtg7fR9,A*Teens
4gIdjgLlvgEOz7MexDZzpM,Status Quo
1Y8cdNmUJH7yBTd9yOvr5i,Destiny's Child
7d7AZ3CQC457bFhK0wHpSO,Scott McKenzie
62GnBjssWSXBlKvQohT2Bk,The Chordettes
2M3vnW1p5w4uPRkLYTbvdB,Rusted Root
0y6KR72CWZyrsYZr8iAq4G,Miquel Brown
2AzKpZqopIZ3sm8xcuIWXM,Count Dee's Dancesport Unlimited
5Pqx4mXYDGIDcg8E5FYjZ8,Carl Douglas
76PJKS3IQsf4sSayx2taE0,The Hit Crew
7LTzUnZaptYfAFmvqW5M6D,Limahl
6is2U7I1jlI8PjxNZOHIMV,DeBarge
3ESG6pj6a0LvUKklENalT6,Doris Day
7BEfMxbaqx6dOpbtlEqScm,Captain & Tennille
1JEFAyMVHCNOCOL81441G7,Doretta Home
2nvKpWcP8etYTq4JrRiUiy,Cliff Richard
1bkX38ooK42Y6w39xDAl1x,The Jamaican Reggae Band
05YVYeV4HxYp5rrWalvuE1,"Grover Washington, Jr."
2MGJBRRGEj9m6MxJIq7fLn,George Baker Selection
3BucZwouCkpiGi2UxqfWn9,Frank Stallone
7jmTilWYlKOuavFfmQAcu6,Barbra Streisand
5zdhsKuFI263xttcgdoW3c,Shriekback
6zUfIlOPjcfC1OFyMUdy5w,Rocky's All Stars
6QtGlUje9TIkLrgPZrESuk,Steve Miller Band
1tqZaCwM57UFKjWoYwMLrw,The Cardigans
695W5F2Ih8dYahLdjVOIoH,Christopher Cross
0gDg7FEsF4Y1jWddJJgcn4,The Rembrandts
7KBkgunlONG7LPxs93pgpp,Mr. President
1GAJzApRTMmYZ9EjQ91VOy,The Tokens
3vMWY1bUrmYoSoEWLiQWOZ,Glenn Frey
1zuJe6b1roixEKMOtyrEak,Tina Turner
5dcOK4stT4JDkP6Dqhbz5s,Sheena Easton
1ThoqLcyIYvZn7iWbj8fsj,Bill Withers
4tw2Lmn9tTPUv7Gy7mVPI4,Kenny Rogers
55qiaow2sDYtjqu1mwRua6,New Kids On The Block
3Dzj993UEz8Z5ovxuirzFO,Lindsey Buckingham
4kQFsyLFligT9lji5bH5sX,Captain Traumschiff
1G1mX30GpUJqOr1QU2eBSs,Yazoo
6GnCucI2uDaYj1j39GFxkn,F.R. David
0jRqFvRKCDryHOgrgFqsKG,Fools Garden
4sD9znwiVFx9cgRPZ42aQ1,Sinéad O'Connor
1vjeJ712UQutRhn6WJI4sF,Dawn
3jiBDfjnWIdLQEEOdKqZex,Doris Troy
6Zh3xrWlA0SA9Fsfj9AVwm,Wang Chung
32lVGr0fSRGT6okLKHiP68,Taylor Dayne
73a6pNH4YtLNgDbPQwXveo,Kim Wilde
1Fmb52lZ6Jv7FMWXXTPO3K,Joan Jett & the Blackhearts
0smy8yDrRoI4CnhpOuthg0,Corey Hart
2Uz58cSxlJgefDaSikxYQ7,Thomas Dolby
00tVTdpEhQQw1bqdu8RCx2,Blue Öyster Cult
3GHovBcEWpbnwCZDPF9GpM,Andrea True Connection
6Q192DXotxtaysaqNPy5yR,Amy Winehouse
1g1nVvle9qO9AWIUWYvPAP,Dschinghis Khan
6KOqPxwfNAmZPkiCnDE9yT,Joe Jackson
4L1z1IcfK7lbqx8izGHaw5,Juice Newton
00w9sdZ78mWArooTmiSTld,Umberto Tozzi
1UUYAQ9LiRsZF0ZukQNWXM,The 5th Dimension
41pLvk2oM6XBHjqi1JkTXF,Fire Inc.
40enFxfEXXsEXKOt1vgx0k,Martika
0clhXvKQeY8xOFIXwePnyR,TV Themes
3ICyfoySNDZqtBVmaBT84I,War
7J77vP6EbI63lB3snZeRj4,Dick Dale & His Del-Tones
4sj6D0zlMOl25nprDJBiU9,Andy Williams
6V03b3Y36lolYP2orXn8mV,98º
4r8b3Hr0AMhzhAg75le0Gx,Stars On 45
0Xf8oDAJYd2D0k3NLI19OV,CHIC
1CcEgi464SWZsKY5579u7z,Patrick Hernandez
2d6JU9LvNhZR7AAtu4x2rS,Yvonne Elliman
3r9TXuXfOUxXjgYgAR0fP8,Bay City Rollers
66J6YYckgBLcap4BVESqnP,Howard Huntsberry
2ibPkysx2PXqWLmxFD7jSg,Stray Cats
6kACVPfCOnqzgfEF5ryl0x,Johnny Cash
1WvziZcLLYLoMMdmQx7qcN,The Shangri-Las
3c8WoNjBfyLJhFObE6RHgs,Del Shannon
6V6WCgi7waF55bJmylC4H5,Gloria Gaynor
0gcMPgunYh4rX1UOdvZKBn,Londonbeat
5tTsrGPwQRWUsHR2Xf7Ke9,Natalie Cole
3RwQ26hR2tJtA8F9p2n7jG,The Temptations
4SLfKHcufUqU46DiTAHIsj,Bobby Day
5WimOFbBnCU5wI6t5PPpEk,Shocking Blue
37qvpwgInfhZoj3fdFPQfR,Betty Bitter
1LPqJnojL09mceIxcFwXLx,Marty Balin
4PCSnq8Q3hxOTn3ro4cl0M,"Joe ""Bean"" Esposito"
646StQO8yxIiI3niu1OHnG,Sandra
0006sHOabJ20USMjG8cWtD,The Art Company
17U2ImH5IyYMvjkCfPhMHT,The Communards
6QY70PFUCO6cvNTihnlHrM,Los Fernandos
7Fo8TAyGJr4VmhE68QamMf,Talk Talk
2cBh5lVMg222FFuRU7EfDE,Sophie Ellis-Bextor
4bx914GWsNvshDzfYNSKjY,La Gusana Ciega
1aSxMhuvixZ8h9dK9jIDwL,Kate Bush
7w0R7VSnfEFNXmgxst5iYg,Yaki-Da
1fa0cOhromAZdq2xRA4vv8,Simply Red
7zliF6Q946WznVk3ZMYhZX,The Sugarhill Gang
3Rfb8wuY9YHVntDXJqPW6r,Paul Engemann
6SLAMfhOi7UJI0fMztaK0m,Rainbow
0PcIlEZa7rreM7729ot05g,Stephanie Mills
1B8ySGDAiXTCvnJNH4HSCG,All-4-One
08b2PA6eFyugsWAk41eQKZ,Lesley Gore
0iGmfKLgK5eSMgHp8YgLnS,Santa Esmeralda
235Vf4hkmwvxjVEMuCbRxm,Rodrigo
0WnP62TjkFfRrt52yE8zcX,Lucas Sugo
1a2HwAlOE2wUPmNisvZxSw,Big Yamo
6fBjnfeYEU3VFuQl8RPrp8,Samuray
4oG6OgiQDTD04NXkh8MUwF,Salvaje
5WTJgmKTxGTi6N9KpGH9Yr,La Secta AllStar
0CBKUzrf6yGdTgxAQbUUHS,Rafaga
3yHLsTJ9OZ19qwY1Q5BEQJ,Binomio de Oro de América
2WXllWJylpBWxIAHHcTEQ0,La Base
5GNSVtCq2hiXDx7jUA5Iou,ChiChi Peralta
2t5LZnlhZW4ctjLQE9qoae,Grupo Sombras
54R9gTi2ova04t2hDsR8uO,Grupo Merengada
25THA9HUHoxpCT4LBp7UsZ,Vicentico
7JIrbjZDpccTaqNKpNKh33,Nietos del Futuro
4sGC7K2rSpWrWudBgYPMce,Joe Vasconcellos
4yNdrUaF54csrLixVTnqzC,Eddy Herrera
1UjxAZqzphB1tsMb1aWBj0,Omega
1mux8L6xg2Cmrc7k0wQczl,Bacilos
53KTldaJ8tHSkYU3nigfwP,Fonseca
3LKXWvXFWrkwUzJWxzwVpW,Tony Dize
4gaipGwvI72oJZVL2P0WJd,Nigga
0ZCO8oVkMj897cKgFH7fRW,Los Ángeles Azules
6BMQo3hxi4qwLiZpHKK5iL,A.B. Quintanilla III Y Los Kumbia Kings
3jO5UGHrEzfd5YIamfs7Ir,Kumbia Kings
0H1InhXaXQPL1aj0mvHemU,Gianluca Grignani
0DDuaqDCmHJ9Qqa5hPOd7G,Los Argentos
1NLy01lQ3IWiqdzH33TSAB,Andrés Calamaro
1wKDGglKV4FsFS85r2Dmpr,Airbag
1c22GXH30ijlOfXhfLz9Df,Elvis Crespo
4etuCZVdP8yiNPn4xf0ie5,Julio Iglesias
5RwfJb8wxN1fuodcPORVxP,José Luis Perales
03zz3zpyV15ZGw1cgjZ7tj,Nino Bravo
7fAKtXSdNInWAIf0jVUz65,Roberto Carlos
5VQCk9RiLwri99OgOT34kq,Vilma Palma e Vampiros
4MKKSJyNbrGSBodc8R7vPK,Magic Juan
2eEmsgWmUFMbtU7agJpnjY,Miranda!
2F9pvj94b52wGKs0OqiNi2,Babasónicos
4vhNDa5ycK0ST968ek7kRr,Carlos Vives
5Q1vijNjTVhQBoVrZVXms8,Mach & Daddy
1ykothWH0xl8drRyJWuw7I,Ñejo & Dalmata
,
3coKfYwV0ppdzD65z1cu3i,Supermerk2
1dJfjAj2mnpKrGm8ldBjNG,Agrupación Marilyn
0K59Fm1y7s3j498ueS4qzY,Soledad
1xWqDlS9XUQQlKzbm4dWEn,El Combo Loco
0SWtMcmZLgP04Kj5x0eCxa,Azul Azul
5KQIqm4ZbWSfcrWuzGBI9r,Jimmy Bad Boy
3ATyg4fGC9F8trfb0GRWmX,Joey Montana
1GlOpg3dPUft550esb82K3,Chaqueño Palavecino
7xOvjCKtJ2rjrclwvqZXqt,Internacional Carro Show
3W4lVkySjtIvd67UUg0F3i,Cabas
6uTK3YD9CT3pLx2yEfVmXk,Falamansa
3tJnB0s6c3oXPq1SCCavnd,Marco Antonio Solís
0wAjDqsI21R32QgwufgpiH,Cherito
0z0w28IvsF1gsKhVAMbh9p,DLG
0VKh7CQDi9MkUvaBMoK1V0,Bronco
43qxAkuKFB6fMNSeS5dO7Z,Ana Bárbara
5b5dknH3aaHaGaGNyByobg,Super Auto
7wOZy3KdFVVINgNFFxkxwO,Jerry Rivera
2weA6hhVqTIN2gSn9PUB9U,Celia Cruz
4e3lv5qRgFpdILdEOHchbn,Chocolate
6xvoG4IC2xgLq37QY48fPk,Mayonesa
1WwQf298ZQr1yX8L4wjXpy,Selena y los Dinos
37zUz0gjTaNCWTOymnuWGG,Jambao
2to8xMgnoxHCXPF7eWJPvg,Nestor En Bloque
276SjaOhqPfWqk3eDTDrz3,El Simbolo
5mLvRBeI5T7w08iWtK7FXu,Los Fatales
3YeBTR1Q1rUxKguz4jP6UV,Damas Gratis
643YpbScVr0u07i276NRiP,Los Chakales
54aqhNJ3tynW46SOwMR9hT,Yámana
27MSpvbWdva4rfi0kD07fF,Los Ladrones Sueltos
0ygKvTEqgIk7czNKD8nDYU,Salsa Kids
5Wg6XnPTp0xXxFCjywwR9I,Eddie Santiago
17DxlrTsLMChbltpyHUPzS,Monterrojo
1SDdOa5e5D3XIR2t8Mb3dm,L´Autentika
0R7hVTyBZQ9ApxMtDEAwyL,Sonora Palacio
2rqtqFiCGyzaRSYdgMiMNC,18 Kilates
64DFKvGarD5nmkfaIiiakf,La Mona Jimenez
2mUI4K6csTQd3jieswcmiI,Luis Enrique
3HrbmsYpKjWH1lzhad7alj,Los Auténticos Decadentes
2wZmh2ddEInC5pzZ8O68lt,Ramón Orlando
6Cv7YpJ01y71mdgm4szmU2,Los Totora
103xS8KmldMIFzgcD7FzhP,AU-D
7d1kmnhwauydKmuAvjgQrH,Los Bonnitos
2PFG7Z9o7dUTCCVAuzZYJS,Grupo Play
2nszmSgqreHSdJA3zWPyrW,Luis Miguel
0iEb0AxgIKdFEBge2F0hSr,Los Moykano's
3h3fPrG6WOJ38FUUpgAiha,Los Fantasmas del Caribe
2jw70GZXlAI8QzWeY2bgRc,Nelly Furtado
0UWZUmn7sybxMCqrw9tGa7,Juanes
0LALueHEQunQ2d61fXGeZh,Diego Torres
5sUrlPAHlS9NEirDB8SEbF,Alejandro Sanz
19IsMFpELM7g2UDuwDlZvU,Motel
6sq1yF0OZEWA4xoXVKW1L9,Alejandro Fernández
4She1focTkX0pwpJUtS5eo,Banda XXI
5IFCkqu9J6xdWeYMk5I889,Gloria Estefan
3zhijRRIZX2B6G2T7vJl9p,Mijares
1qto4hHid1P71emI6Fd8xi,Aventura
5BwMgvRwlq61SmknvsVIQj,Rubén Blades
2MRBDr0crHWE5JwPceFncq,Juan Gabriel
1qyAl8T6GTcaOViaI7fs1j,Son By Four
7rNbdH4pgrnwguvzxhA2Ek,Jorge Celedón
2B8HcBRTizIsSPryM46Sb1,Só Pra Contrariar
4wLXwxDeWQ8mtUIRPxGiD6,Marc Anthony
7x5Slu7yTE5icZjNsc3OzW,Willie Colón
70nxnxEqDQIEWneRjg2Q4O,Adolescent's Orquesta
5MP9bH9aUryiKQeUvABLIU,A.B. Quintanilla III
7FZj349hdLfD6qzXkJLuAh,La Quinta Estacion
0IZ9yCkg8kUjJNwMA8SHYX,Aroma
40FzPNKgu0k9VMvvidiKCl,Los Hermanos Rosario
71YnddE01cKmoLCVG3E4e4,Margarita
0fdpJLsenUo15X3dPPWJSR,Los Angeles De Charly
3rhO3rDk432VyAwyZnkECs,La Mafia
0XKgjkHamDZy6obrO52fIs,Sonora Tropicana
16kOCiqZ1auY4sokSeZuKf,Los Bukis
4PPoI9LuYeFX8V674Z1R6l,Vicente Fernández
3PkVrt8lRBTV2RDSICxz5X,Divino
3XkJyJgJDxnjdQgH0zfT8K,Los Rodriguez
6MxyNXnnmwQwdW2PD0gXYO,Bersuit Vergarabat
3MqjsWDLhq8SyY6N3PE8yW,Aterciopelados
0qHOVLCmMmMgk9l3GsgmUB,Leandro & Leonardo
3ghRXw2nUEH2THaL82hw8R,La K'onga
5x3mrCTZmkoTXURN7pWdGN,Los Amigos Invisibles
6NqIUh0cpaygBWUUAjBaog,Ara Ketu
4SlusIRNswGYkTjhflokfX,La Makina
6eUAVH8tSq8WSJGPLeDN9c,Américo
5R3NywPPOyhLfdvutgg0me,Los Abuelos De La Nada
1q18ngxrhXlHasoNpc2dt7,Paquita La Del Barrio
5bVQN1TENxjVjWXNHHpflG,Big Boy
0NJbkbtOgSj2Q5bkUV3FPz,Polo Montañez
2dn7slANEuZTGyraHIhEg0,Axe Bahia
2dzRHSrXIYRhX1tUmBT6hj,Axe BA
4yEa6Z1QEXvnE3ti1dz2Kt,Pol Sebastian
6wx6049HqmpfAl23FiVNGo,Richard y Banda Zeta
1IYPsxunWpJvDYA1Por8dI,Diego Ríos
6pVmT18pd1QaofDegZUEKX,La Nueva Luna
0fyrd1D1AMoLrhXkQCCA0c,Kaliente
7gCVcfGK5Op2AA5KcD7zuq,Hermanos Yaipen
2e4nwiX8ZCU09LGLOpeqTH,Laura Pausini
0r8toju2ecKaVtItkzAnNi,Aleks Syntek
3DbaueT6S6MMCfHisKUSQd,Grupo Chacumbele
6ZZ2DeepA3GpoGU4KwqSlU,Luciano Pereyra
44WCHvwXBOMz6nm7Mu2ReO,Grupo Bryndis
13KeE3TnUrYh367HJu0sMx,Mario Luis
,Jaguares
2OPPguYEtzBlHakIUE9f6L,Los Tulipanes
0phrBHcoobAzpHrxHmZCCY,Grupo Treo
7xeM7V59cA1X8GKyKKQV87,Sin Bandera
0xpMy6DeMBWX8zTURxB4h5,Los Iracundos
6fhCq41xOJnMGIvFd13Oft,Huey Dunbar
4vOycwLXdkMMzpZW04VW5m,Tito Nieves
1bwsprbGyKx2vBbPAwVebl,Noche de Brujas
3yj43IXk2ADWZ9y6Q2oRMK,Japiaguar
74RYbbIHke18VFvcsP2iD9,La Noche
1xWIP5kdxFu6daNvT0fvpP,Icarus
4GepMkTgrIZECoCC55vqjW,Marama
6Y4g5zwJI7jcRzGLXh0H5d,Angela Leiva
4RXxwBtdt6k1YNyyAyiOng,Pipe Bueno
1RxWCfxCbHSq2lpVMUK1xE,Las Chicas Del Can
1ybEnwXgGR6mWgUzkVmFFa,Grupo La Bamba
6wcdAtMgcbXgNY4T8JeHFd,La Linea
28NFZuZbEm7yzMpv1q1Rb7,Grupo Mojado
67ktO6WKPZ0h4cBxSBBoep,Grupo Nectar
14W5NzubXTLLLVF4XjtCU2,Cumbia Juan
6qhOH2mrlqUDod9sWA5kR2,Leo Dan
63xFjf6Ww22O5gHrBP79G9,Marcela Morelo
0d9HXIZLeSmq1tccWEoVg6,Daniel Luna
6Q6qTNC2rAegcR5QjzcRgE,Gilda
5cKG9P519zYp1riJ68Fnd8,Cesar Flores
1OK49IC8PfUPbAtQRv2ryh,Los Cantantes
4wO1Ld1CKjm4vFMNUn7E7k,Jordan
6CfAyHRZimRXEFeC7Tcseo,Merengue Latin Band
7HoVqjRfwcumgHQiKd84jA,Grupo uno
65VADjjC47dZbyOyrgNWJA,"Gocho ""El Lápiz De Platino"""
5yTrVUubgntK5Gxzrr3cz3,Los Verduleros
2zUi8eGWcojkvBwCysFOyC,Karametade
7JRxvyluWYJ3M3ssmZrVs6,Yerba Brava
17SbOgrrSKZHSTi3zEDNWc,Magoman
48zixAu4wMDZwpVbOenDU7,Grupo Cañaveral De Humberto Pabón
6rM2yY0GnVcOHMU5GD3y9E,Martinho Da Vila
1T9LdtwSTDoXrbkvHtKpGw,Onda Vaselina
2B05Dwi4tSGx2ohCAWPcYm,Jade
2u70zmwJlNfRR89itoO8j2,Megapuesta
2ytFwBb0KBIUGtnsIyC5mG,Juan Manuel
1f6CQnTy4FKDgLGzp6G2Wd,Los Diablitos
1i2sOJlmgkWrWx28rB17Bd,Los inquietos del vallenato
0XwVARXT135rw8lyw1EeWP,Christian Nodal
2cy1zPcrFcXAJTP0APWewL,Gente De Zona
48R2gYdPKtfnfKAzhSVPUx,Migrantes
7HSeegdmjLYRJpkOYIaZIW,El Reja
78oxdhJ0pr4Dkyk0paWUAf,É O Tchan
2hejA1Dkf8v8R0koF44FvW,Gera MX
3YXV0Ed1NtUyaR9WJF2JID,Chili Fernandez
0YU4sPKItlxPTzmGat7Ssl,La 424
4i8gw18sxoX8FrivUaNVTF,Fedu DJ
5xwugJ4uudppmOCCZateE5,Liberación
7BaLRZPbaTkb3ZgxLc5eFs,L.A.
6SGCqG5HEr5gFZR9ct8wID,Matías Valdez
2OSKh2JIKMr66DxByxhwzT,Galy Galiano
4mN0qcMxWX8oToqfDPM5yV,José José
4Sm7JCttzWMwHJtb3UJ8SY,Mocedades
,Camilo Sesto
6NHTDaYSUeMaroI5U0jytT,Myriam Hernandez
44nb9BaqV2jVvxKCaXHwlP,Pandora
3v8mFhjLFa50QK8zDvAMYN,Amanda Miguel
73c2MjCAFNyKYIs7nBlqG2,Marisela
1NiC1V6xc8OR1ERiIoCvtx,Los Angeles Negros
7FsRH5bw8iWpSbMX1G7xf1,Joan Sebastian
2UFqwY8A3PLcx8pAkg9g5P,Diego Verdaguer
6FUfgoFZ2v5kI19aG209J9,Maria Conchita Alonso
03Yb3iBy9GCifXiATEFcit,Pepe Aguilar
0PbO1lSBsJPgyqdEypJJVb,Dyango
4OgNARLQSC4yy7Dsa5cqxx,Yuri
0G2qO3Wbj6WmCTFgcsJ1Eo,Isabel Pantoja
2Cy7KBSkqu7otJfuMTWT7Y,Camilo Sesto
5imd6MnP4WpDohSwFnO38T,Miguel Gallardo
7E7CVSqFdLyh0K4AE9uTMo,Pimpinela
7JWJRzjFr2Qt5yB9ondmoq,Leonardo Favio
41ESHLayJ5sDKjAOv6cMhe,Ana Gabriel
15YnmlNukYCFvwaFnoDwwV,José Luis Rodríguez
2DmYtFBKcxb3ajwWWgA576,Emmanuel
3Edq1eT7m7GX0PvHW7yEDF,Menudo
0m3q2lez4UvdddJWhXZv2r,Ambient All-Stars
1iTBMIseDKB2IoKlmlGvyp,Los Diablos
4VRHPqW54KVxJAhUWNKjNF,Fito Olivares
1MtgoOhWrRaiNm4d3y3W3W,Angela Carrasco
796OSRuB0E9Hq55uTFL9U8,Raphael
6gvh8pQI316iafbHiT7B3y,Daniela Romo
2Asr5Otk5aKK272pK4ocG2,Jeanette
5srsgtoePlsp0eQIXmta1O,Sandro
2uyweLa0mvPZH6eRzDddeB,Rocío Dúrcal
1rtu7fqwhrkORVjEJhw7Qt,Leonardo Álvarez
72v53CufRiSyqcQ78KUQ5p,José Maria Napoleón
1SG96KWhgaZlnLZO18KUHA,Manolo Galvan
5BwOOeKayeMZXa5SSaiRxv,Ricchi E Poveri
2nrSPPSfNesng85eRV4W4m,Los Terricolas
3ELZjZr6LsTejHFIhpoB6z,Chiquetete
4jCduxx9HzFKS0RrRAtVXD,Palito Ortega
15rgHnuYz5Ck6m8qXyTszi,Hernaldo
4n3J3bRVaUm9R4txtKTVuu,Sabú
7KMXoHCso5eDoYI4S4QXhK,Los Pasteles Verdes
0kavuvnHTeqwjKLV7qPpQm,Piero
5IxyAzEThg31lxtUWCcb2q,Tormenta
2jPG2QeccDfdNbOdGrjBwO,Los Locos Del Ritmo
0th5G3uzu7mi4Co4BEMLLZ,Autocontrol
31Pfw9p5mZPeKqZSaiXzqk,Nicola Di Bari
50Waes8RfmSsF6WecF6ydF,Formula Diablos
1TDX7bYFMCOEjdaU9JGMv6,Safari
4NEYQeEYBUjfaXgDQGvFvu,Franco De Vita
6cIKHprwMKbTjAcm874ooW,El Gitano
0jmWbTDAKk9k593xUr6Exe,Silvana Di Lorenzo
1TiGxAkU8w0xBCVFOP6Ttl,Duo Dinamico
2UJTlvNR01oVbsigr5sCQs,Los Pasteles de Perú
4uoz4FUMvpeyGClFTTDBsD,Ricardo Montaner
1dpnxi6xgoB2kaRYnnoatZ,Miguel Ríos
5388C04OP0Fc6xqbvct7kv,Laureano Brizuela
46pR6XQFnDyuprcvxrrHvq,Ivan
5SyvBTttsNPEcFjtceTBmx,Roberto Jordan
7odavgoYn7PFf3YLynTqDa,Quique Villanueva
7K78lVZ8XzkjfRSI7570FF,José Feliciano
3oOHPAMYB7vMWAdBmdPHPu,Los Doltons
7Knre13gsaglhbvO34czFu,Grafite
7gAcNqHWOMnqnsTBjq7v0T,Massiel
0sJaoFM0uFCOBE5Qcrhv7n,Marisol
1qBGWp46vgiATN7mfKJd3s,Nelson Ned
4oYvz8seCf2B2JEyB0GIX4,Lorenzo Antonio
2EoCwZo2xMt4mkFRwlgqb2,La Revolución De Emiliano Zapata
71FVpPyLHxYTn3CfUOJq7f,King Clave
42knawZDBuQbq1mj9aVsfy,La Hija Del Mariachi
3XkBZuU36xcZ8xBAZqwWsJ,Raul Abramzon
2hgP9Ap2tc10R5jrQaEpMT,Charles Aznavour
5BLxach4cxTAK3Pg0Nu2r2,Pablo Ruiz
3YG18nhGaJkR1F6VpcnSG6,Miguel Mateos - Zas
4Vqref81u7WVsS0OhbJwDk,Pedrito Fernández
3SFE7F3VPgSDh7AvBLuVyL,Daniel Magal
26jAajQDgnE4vD8FFZL8Sf,Rabito
426RAP38E1nWbcslKrYNlw,Lissette
5v287QKYZ7Dyuw4CNzv89p,Magneto
6QxfNzuPwvVnH5n1U24Cmh,Gigliola Cinquetti
1QcwtcwAClkmeaVofZ4zUn,Paloma San Basilio
4iBpq811AKG55jQFF7VLrp,Sagrario Bello
4A685otebKqh3IztNwPOQF,Los Mismos
2WEYulftCamHwu50Qr9Cb2,Chao
4bCJFFuTF8fuditJEIS1GX,Karina
06kr5yNAM2rOf4DXemM8fl,Matt Monro
04aQfpx1U1WQEJkrvGs4ig,Dalida
3SNKhPPfra7g7Crq1QA330,Lucero
6HqPNOo6OV9rPbEY7MP9T8,Julio Jaramillo
4whHGBYEIEx2tt3CSZ3Y38,Bravo
4NOZW7dBOmBMMAG9EGQd4t,Ana Belén
6h8tckbGautdVT00tAzTNX,Basilio
4E7LJKlq8PY1dEZKbgPJgw,Tony Ronald
3mGyF5kXDjEkLlFypJ93en,Lupita D'Alessio
