id,user_id,name
01DR6kt41TxQ0E9wy7U66f,12149682954,Mi lista n.¬∫¬†20
7cjcZqZV06TRcDQOtJDfp3,12149682954,My Shazam Tracks
0IEmYoBbBVMxmErP9sXvcv,12149682954,Boda
5DIIzmUsqeonQw3rfq2ljj,12149682954,Swiss Music
0AZyn4PyRoF5T2rd2MqOPG,12149682954,Panditas Cursis - Serenata Digital
06R8l27q0rt0RvsnNFtreR,12149682954,Instrumental Songs by Eddy Escalante
3xzQh92zbEbsN381iRPmRr,12149682954,Programming as a Nigga
6EjzxBbnBMr8NEenhuznPK,12149682954,Classic Hits üéôÔ∏è
5mD6oDxwn1ebV1BlrRp7Kh,12149682954,The Situation
6LQX4Ii7xdDiFTjdm3wokc,12149682954,Childhood by Eddy Escalante
